Name,Age,Experience,Salary
Laraine,32,5,90000
Eli,28,3,65000
Arlin,45,15,150000
Talbot,36,7,60000
Sheila-kathryn,52,20,200000
Curr,29,2,55000
Fina,42,12,120000
Rod,31,4,80000
Mala,26,1,45000
Fiorenze,38,10,110000
Uriah,29,3,75000
Sawyere,48,18,140000
Gabriele,35,6,65000
Rayshell,40,14,130000
Erroll,27,2,40000
Harlin,44,16,125000
Heath,33,7,90000
Marjie,39,12,115000
Sorcha,25,0,35000
Basile,51,22,180000
Mile,34,5,80000
Deeanne,47,19,190000
Olav,30,2,50000
Kim,36,9,60000
Geoff,41,13,140000
Trixi,28,3,45000
Garvin,37,11,110000
Fee,24,1,40000
Mona,43,15,140000
Darrick,33,6,90000
Star,50,25,250000
Marion,31,4,55000
Ernst,29,3,75000
Jephthah,39,10,65000
Margaretha,46,20,170000
Lurette,27,2,45000
Laurie,35,7,60000
Cordi,42,14,115000
Hunfredo,26,1,40000
Tomasine,49,21,160000
Basilius,34,5,80000
Chiquita,48,18,190000
Indira,30,3,60000
Neron,36,8,45000
Trace,41,13,130000
Kaila,28,2,40000
Matthew,32,5,75000
Rebbecca,45,16,180000
Nolly,38,11,120000
Whitby,25,0,35000
Fidelio,51,22,130000
Curran,33,7,85000
Agnella,40,12,60000
Loralyn,47,19,200000
Linc,29,3,50000
Reese,36,9,95000
Abba,27,2,65000
Dalenna,43,17,140000
Niki,30,4,55000
Nadiya,35,7,105000
Kacey,51,23,170000
Sorcha,29,3,50000
Ebony,40,12,80000
Gerek,47,21,180000
Yale,26,1,35000
Anselm,38,10,90000
Vernon,46,19,120000
Dahlia,31,5,45000
Heidi,34,8,90000
Foster,49,18,150000
Hoyt,33,6,65000
Sammy,39,11,70000
Minette,45,16,190000
Pansy,28,2,40000
Dollie,42,14,120000
Rea,37,10,95000
Shermie,50,22,160000
Arch,32,6,100000
Tybi,48,20,180000
Pablo,30,3,55000
Bee,36,8,70000
Gleda,41,13,80000
Kerr,25,0,30000
Rich,52,24,250000
Kane,29,2,40000
Job,34,10,95000
Fields,27,2,45000
Malynda,40,15,80000
Benedicto,46,21,135000
Cary,31,6,55000
Dylan,36,11,120000
Jodee,29,3,40000
Gordon,43,18,105000
Wallache,52,25,170000
Nomi,33,7,75000
Heath,39,12,65000
Arne,47,22,160000
Allianora,26,1,35000
Reggie,38,10,90000
Tripp,45,20,110000
Goran,31,5,45000
Langsdon,35,8,95000
Ethyl,49,19,150000
Odille,33,5,50000
Maribeth,39,13,80000
Glyn,44,16,220000
Pris,30,3,50000
Kayle,36,7,60000
Cody,41,14,100000
Sascha,28,2,40000
Cele,42,15,110000
Shena,37,9,95000
Gage,50,22,130000
Sunny,32,6,90000
Alberik,23,0.5,35000
Scottie,31,6,95000
Nance,40,15,65000
Prentice,48,20,170000
Willey,29,3,45000
Sloan,35,10,120000
Myles,42,17,100000
Colver,53,25,180000
Almeta,33,5,50000
Kath,38,11,80000
Darrelle,44,16,140000
Norman,26,2,40000
Merrili,37,9,95000
Isidro,45,18,110000
Weidar,32,4,50000
Raddy,34,8,105000
Jana,50,21,160000
Celesta,29,3,45000
Eldridge,40,12,100000
Merna,47,22,160000
Rosalia,27,1,35000
Mel,39,10,55000
Vaughn,46,19,140000
Onofredo,30,4,50000
Gar,36,7,60000
Morrie,43,14,120000
Townsend,28,2,40000
Bentley,41,13,110000
Kendall,33,5,50000
Jory,47,20,135000
Filippo,25,1.5,40000
Ricoriki,34,8,90000
Rea,42,16,150000
Jaquith,31,4,60000
Drucy,38,10,80000
Bradly,45,19,175000
Donnie,29,3,45000
Stephana,36,11,120000
Lorilyn,43,18,140000
Faydra,26,2,35000
Orran,37,9,95000
Shayla,44,14,110000
Chad,32,5,50000
Hamlin,33,7,115000
Arin,51,23,185000
Wake,28,2,40000
Tadd,39,12,90000
Port,48,21,175000
Kessia,30,3,45000
Aarika,35,7,80000
Aldon,41,13,120000
Elston,27,1.5,35000
Nathalie,40,14,110000
Reggie,46,18,150000
Alfy,31,4,50000
Jammal,34,9,105000
Halli,50,20,180000
Hilton,29,2,40000
Ebba,43,16,140000
Catie,26,1.5,45000
Templeton,35,7,85000
Angelo,42,18,140000
Ondrea,31,4,50000
Matthieu,38,10,80000
Esteban,46,20,170000
Trisha,29,2,40000
Pavla,37,9,105000
Lydon,44,15,145000
Dannie,27,2,40000
Nappie,36,8,85000
Crosby,43,14,130000
Mireielle,33,6,95000
Pincas,34,9,100000
Audry,50,22,180000
Umberto,28,1.5,35000
Hayley,39,12,95000
Christopher,47,19,170000
Goldi,30,3,45000
Foss,34,7,95000
Ursala,40,13,120000
Talyah,28,2,40000
Swen,41,11,90000
Avis,45,17,155000
Vanya,32,5,55000
Verla,35,9,110000
Hube,49,21,180000
Salem,30,3,45000
Audie,44,16,130000
Donovan,27,1.5,45000
Thorny,36,7,90000
Rolfe,41,17,160000
Mari,31,4,50000
Adena,39,10,120000
Rutter,47,20,170000
Udall,30,2,40000
Albrecht,38,9,110000
Beitris,45,15,150000
Nanice,28,2,40000
Lockwood,35,8,85000
Jeramie,44,14,130000
Debera,34,6,100000
Cinderella,35,9,95000
Jeralee,50,22,180000
Stefa,29,1.5,35000
Markus,40,12,100000
Jeniffer,48,19,170000
Mara,31,3,45000
Nev,33,7,100000
Ossie,42,13,140000
Morgun,28,2,40000
Brittaney,40,11,105000
Bondie,46,18,160000
Wendall,33,5,70000
Lucia,37,9,120000
Vaughn,51,21,190000
Maegan,30,3,45000
Basile,43,15,120000
Zaria,27,1.5,50000
Art,35,8,85000
Mead,42,13,140000
Leona,32,3,45000
Tybalt,37,9,100000
Reginald,45,16,140000
Max,33,5,70000
Wells,39,10,120000
Gavin,44,18,160000
Quillan,29,1.5,40000
Taite,38,10,120000
Barbara,46,19,150000
Germayne,34,6,70000
Noell,36,8,95000
Binny,49,21,180000
Kristal,31,3,50000
Inger,41,11,95000
D'arcy,47,20,170000
Kristofer,30,2,40000
Mala,38,9,110000
Anthea,45,15,150000
Amalee,28,2,40000
Barbie,35,8,85000
Keeley,44,14,130000
Linell,34,6,100000
Marissa,35,9,95000
Othella,50,22,180000
Venita,29,1.5,350
Marve,37,10,120000
Cordie,46,18,160000
Tonia,31,3,50000
Jedd,42,12,110000
Pennie,29,1.5,40000
Lelia,36,8,95000
Edgar,44,15,140000
Kacie,33,4,60000
Zacherie,39,9,110000
Auberta,45,16,150000
Doll,32,4,60000
Arlie,37,8,90000
Nevile,47,20,180000
Tessi,30,2,40000
Dud,38,9,120000
Goldi,46,17,160000
Jehanna,34,5,70000
Sydney,36,8,95000
Tamera,49,21,180000
Welch,31,3,50000
Jeanette,41,11,95000
Lauren,47,19,170000
Sari,29,1.5,35000
Seth,35,9,100000
Julee,44,15,150000
Kiley,33,4,60000
Hannie,35,8,85000
Ebenezer,44,13,130000
Modestia,32,4,65000
Giorgio,38,10,110000
Aime,49,21,180000
Gelya,29,2,40000
Virgilio,35,7,90000
Magnum,45,14,140000
Lena,33,4,60000
Marshal,40,12,130000
Cecile,44,16,160000
Maurise,30,2,40000
Corabelle,37,9,100000
Malachi,48,20,180000
Hildy,31,3,55000
Laurice,38,9,120000
Shane,45,16,150000
Paddy,33,5,70000
Cris,36,8,95000
Ruy,49,21,180000
Ruben,31,3,50000
Iver,42,12,120000
Maurizia,47,19,170000
Myranda,29,1.5,35000
Jaimie,35,9,100000
Garek,44,15,150000
Theo,33,4,60000
Catie,35,8,85000
Lisa,44,13,130000
Genni,34,6,80000
Elicia,36,8,95000
Libbie,30,2,40000
Madelle,37,10,120000
Aldous,45,16,160000
Christean,32,4,65000
De,39,12,130000
Celka,47,20,180000
Franz,29,2,40000
Anthia,36,9,100000
Guenna,43,15,150000
Cris,32,3,55000
Bernice,38,10,110000
Garvy,48,21,180000
Port,31,3,50000
Ford,40,12,130000
Liza,45,16,160000
Debbi,33,4,60000
Fredi,36,8,95000
Debee,47,19,170000
Georgiana,29,2,40000
Shaylah,34,7,90000
Hilliary,44,15,150000
Nanny,33,5,70000
Joshuah,35,8,90000
Jeremiah,43,18,170000
Winslow,31,3,50000
Nicole,41,14,150000
Carlene,44,16,160000
Tish,33,4,60000
Timmie,35,8,85000
Berkly,45,19,180000
Gan,28,1,35000
Vinnie,36,8,110000
Carmela,44,16,160000
Dev,31,3,55000
Orrin,38,10,110000
Antonia,48,21,180000
Mavra,31,3,50000
Stacy,40,12,130000
Nichole,45,16,160000
Betta,33,4,60000
Kippie,36,8,95000
Dulcine,47,19,170000
Atalanta,29,2,40000
Stephana,34,7,90000
Jamima,44,15,150000
Sabrina,33,5,70000
Leontyne,35,8,90000
Romona,43,18,170000
Constance,31,3,50000
Katrinka,41,14,150000
Lacee,44,16,160000
Alic,33,4,60000
Trstram,35,8,85000
Pernell,43,19,170000
Moina,29,2,40000
Eva,34,7,90000
Valdemar,44,15,150000
